TITLE,DESCRIPTION,PRICE,CURRENCY_CODE,QUANTITY,TAGS,MATERIALS,IMAGE1,IMAGE2,IMAGE3,IMAGE4,IMAGE5,IMAGE6,IMAGE7,IMAGE8,IMAGE9,IMAGE10,"VARIATION 1 TYPE","VARIATION 1 NAME","VARIATION 1 VALUES","VARIATION 2 TYPE","VARIATION 2 NAME","VARIATION 2 VALUES",SKU
"DIY Outdoor Bar Cart Plans PDF | Mobile Folding Beverage Station | Foldable Food Bar Blueprint | Portable Cocktail Stand Build Guide","Elevate Your Event Setup: Build the Ultimate Mobile Bar Cart & Entertaining Station

Whether you are launching a mobile bartending business, upgrading your backyard patio, or designing the perfect prop for an event rental company, this versatile Mobile Outdoor Bar Cart is your blueprint for success.

Unlike standard flat tables, this cart is engineered specifically for food and beverage service. It features a professional two-tier design with a raised display shelf—perfect for showcasing premium liquors, syrups, or garnishes—while keeping your main prep counter completely clear. Combined with a smart, space-saving folding mechanism, it’s the ultimate workstation for mixologists and hosts on the go.

Engineered for Entertaining & Profit:

The Mixologist's Layout: The built-in upper shelf acts as a classic bartender’s speed rail, making it easy to display bottles and serve guests quickly.

Easy Collapsible Functionality: The side prep shelves fold down in seconds. This allows you to seamlessly shrink the cart's footprint for tight storage in a garage or easy transport in the back of a van.

High-Yield Rental Prop: For event planners and DIY makers, this foldable bar is a highly profitable rental asset for weddings, backyard BBQs, and corporate events.

Heavy-Duty Mobility: Designed to roll smoothly on robust caster wheels, allowing you to bring the party directly to the guests—whether on a patio, lawn, or inside a banquet hall.

Versatile Use Cases:

Outdoor Cocktail & Margarita Bar

Foldable Food Bar & Charcuterie Station

Backyard BBQ Prep & Grill Station

Mobile Espresso & Beverage Counter

Built Dimensions:

Overall Width: 60 inches (with both side shelves fully extended)

Depth: 26 inches

Overall Height: 41.5 inches (to the top of the display shelf)

Inside Your Digital PDF Download:

Dual Measurements: Fully formatted in both Imperial (inches) for builders worldwide.

Complete Material & Hardware List: Know exactly what to buy with zero guesswork.

Optimized Cut List: Save money at the lumber yard and minimize your wood waste.

Step-by-Step 3D Diagrams: Highly detailed visual instructions that guide you from the base construction to installing the folding brackets and raised shelf.

(Friendly Reminder: This listing is for a digital DIY build guide. No physical cart or materials will be shipped to your address.)

Ready to build the centerpiece of your next event? Download your plans today and start crafting your custom mobile bar.",570,TRY,33,"coffee_cart_plan,mobile_coffee_cart,bar_cart,food_bar","PDF file,Printable,Digital,İnstand Dowland",https://i.etsystatic.com/62574134/r/il/d4b5dc/7857156877/il_fullxfull.7857156877_31d9.jpg,https://i.etsystatic.com/62574134/r/il/fa5a23/7809216856/il_fullxfull.7809216856_gd7m.jpg,https://i.etsystatic.com/62574134/r/il/f95662/7857156863/il_fullxfull.7857156863_bvsc.jpg,https://i.etsystatic.com/62574134/r/il/0510e5/7809216872/il_fullxfull.7809216872_ja1v.jpg,https://i.etsystatic.com/62574134/r/il/448c89/7857156869/il_fullxfull.7857156869_42pc.jpg,https://i.etsystatic.com/62574134/r/il/250949/7857156881/il_fullxfull.7857156881_ajle.jpg,https://i.etsystatic.com/62574134/r/il/ae7c32/7809216850/il_fullxfull.7809216850_oz0o.jpg,https://i.etsystatic.com/62574134/r/il/5c8398/7857156841/il_fullxfull.7857156841_7zqh.jpg,https://i.etsystatic.com/62574134/r/il/fe1744/7809216848/il_fullxfull.7809216848_bxu9.jpg,https://i.etsystatic.com/62574134/r/il/255052/7857156855/il_fullxfull.7857156855_pbpo.jpg,,,,,,,
"DIY Roadside Farmstand Plans PDF | Secure 4-Door Market Stall Blueprint | Sourdough & Egg Stand Build Guide | Vegetable Display Woodworking","The Ultimate 4-Door Farmstand

Transform your roadside sales with a heavy-duty, weather-resistant storefront built for maximum capacity and overnight security. This premium digital woodworking blueprint guides you through building a massive, fully enclosed farmstand featuring an ingenious 4-door design.

Unlike open-air tables, this structure protects your delicate goods from harsh weather and allows you to securely lock up your inventory at the end of the day. It’s the perfect permanent investment for homesteaders, artisan bakers, and local growers who want a reliable, high-volume retail space.

Engineered for Smart Retail & Durability:
This design focuses on maximizing every inch of space while ensuring the structure lasts for years.

Independent 4-Door System: Open just the top doors to serve customers while keeping the bottom closed, or open all four for a massive, welcoming storefront.

Built-In Door Displays: The inner doors feature custom-built shelving and hook racks! This is prime real estate for displaying small jars of local honey, spices, craft supplies, or hanging fresh herbs.

Deep Shelving Capacity: The expansive interior shelves provide enough depth to easily organize large produce baskets, multiple loaves of sourdough, and bulk farm eggs.

Rot-Resistant Foundation: Designed to sit on standard concrete pier blocks, keeping the wooden base completely off the wet ground for superior longevity.

Weather-Ready Roof: Features a slanted, corrugated metal roof design to shed rain and snow effectively.

Highly Profitable Homestead Niches:
This heavy-duty blueprint is exactly what customers are searching for to launch their:

Farmstand Plans for Sourdough & Artisan Bakeries

Secure Egg Stand for Selling Eggs & Dairy

Plans for Roadside Flower Stand & Fresh Bouquets

Vegetable Stand Plans for Farm-to-Table Produce

Farmer Egg Stands & Local Honey Booths

DIY Farmstand Plans for Crafts & Hand-Made Goods

Fully Assembled Dimensions:

Overall Width: 113-15/16 inches

Overall Depth: 49-1/2 inches

Overall Height: 120-7/16 inches (slanted roofline)

Inside Your Digital PDF Download:
Your instant download equips you with a professional-grade build guide to get your project done right.

Universal Measurement Standards: Fully detailed in both Imperial (inches) and Metric (mm).

Precise Material & Cut Lists: Buy exactly what you need at the lumber yard and follow the cut guide to eliminate material waste.

Step-by-Step 3D Assembly: Crystal-clear visual diagrams that walk you through framing the base, installing the custom door shelving, attaching the metal roof, and hanging the doors perfectly.

(Please Note: This listing is for a digital PDF woodworking plan. No physical farmstand, materials, or tools will be shipped.)

Build a professional home for your homegrown business. Download your plans today and start displaying your harvest!",850,TRY,61,"farm_stand,farmstand_diy_plan","PDF file,Printable,Digital,İnstand Dowland",https://i.etsystatic.com/62574134/r/il/3ca954/7902221795/il_fullxfull.7902221795_oq01.jpg,https://i.etsystatic.com/62574134/r/il/6e47b4/7854261882/il_fullxfull.7854261882_j8bc.jpg,https://i.etsystatic.com/62574134/r/il/f4762c/7902221805/il_fullxfull.7902221805_svdq.jpg,https://i.etsystatic.com/62574134/r/il/e2fcc7/7854261920/il_fullxfull.7854261920_8f7g.jpg,https://i.etsystatic.com/62574134/r/il/87f922/7902221799/il_fullxfull.7902221799_ahhk.jpg,https://i.etsystatic.com/62574134/r/il/29342a/7902221803/il_fullxfull.7902221803_bnls.jpg,https://i.etsystatic.com/62574134/r/il/7f10ca/7902221797/il_fullxfull.7902221797_5a07.jpg,https://i.etsystatic.com/62574134/r/il/84af74/7902221785/il_fullxfull.7902221785_h4xp.jpg,,,,,,,,,
"DIY Coffee Cart With Sink Plans PDF | Collapsible Mobile Espresso Bar Blueprint | Handsink Food Cart Build Guide | Fluted Wood Workstation","Meet Health Codes and Serve in Style: The Ultimate Sink-Integrated Coffee Cart

For serious mobile baristas and food vendors, having an on-board sink isn't just a luxury—it is a strict health department requirement. This comprehensive digital woodworking blueprint provides the exact plans to build a premium, commercial-grade coffee cart featuring a dedicated layout for a built-in handsink and water system.

Stop worrying about venue compliance and start focusing on your service. This blueprint combines a highly sought-after fluted wood aesthetic with a professionally optimized barista workflow, making it the perfect foundation for your ""Coffee Cart Start Up.""

Engineered for Commercial Success & Compliance:

Handsink Integration: The top counter is strategically designed to accommodate a drop-in sink and faucet. The enclosed base easily hides your fresh water tanks, grey water jugs, and water pump systems from public view.

The Barista Workflow: Designed alongside coffee professionals, the layout provides ample space for an espresso machine, commercial grinder, and a knock box, all while keeping the sink accessible.

Custom Signage Plaque: Establish your brand instantly. The raised front circular panel is the perfect canvas for your café's logo, letting customers know exactly who you are.

Massive Collapsible Workspace: The heavy-duty folding side shelves expand your workstation to an impressive 85 inches during peak hours, then fold down completely flat for easy loading into a transit van or trailer.

Fluted Wood Aesthetic: The modern slatted exterior provides a boutique, high-end look that event planners, corporate clients, and brides actively seek out for catering bookings.

Highly Profitable Niches for this Build:

Fully Compliant Mobile Espresso Bars

Pop-Up Food Carts Requiring a Wash Station

High-End Wedding Beverage Catering

Lemonade and Artisan Tea Stands

Mobile Barista & Cocktail Services

Fully Assembled Dimensions:

Overall Width: 85 inches (with both side shelves fully extended)

Overall Depth: 26-1/2 inches

Overall Height: 36 inches (ergonomic counter height for tamping and serving)

Inside Your Digital PDF Download:
Your instant download provides a professional-grade, easy-to-follow build guide:

Universal Measurement Standards: All details provided in both Imperial (inches) and Metric (mm) formats.

Precise Material & Cut Lists: Take the exact shopping list to the lumber yard and follow our precise cutting guide to eliminate costly waste.

Step-by-Step 3D Assembly: Crystal-clear visual instructions that walk you through framing the base, cutting the sink and equipment holes, attaching the foldable sides, and applying the stylish fluted exterior.

(Please Note: This listing is for a digital PDF woodworking plan only. No physical cart, sink hardware, plumbing, or espresso equipment will be shipped.)

Build a compliant, professional mobile café that commands premium events. Download your plans today and launch your business!",570,TRY,48,"coffee_cart_plan,mobile_coffee_cart","PDF file,Printable,Digital,İnstand Dowland",https://i.etsystatic.com/62574134/r/il/320885/7929536095/il_fullxfull.7929536095_fq7w.jpg,https://i.etsystatic.com/62574134/r/il/e84305/7929536091/il_fullxfull.7929536091_89r9.jpg,https://i.etsystatic.com/62574134/r/il/a802fa/7881573528/il_fullxfull.7881573528_gru1.jpg,https://i.etsystatic.com/62574134/r/il/a77127/7929536089/il_fullxfull.7929536089_hiwa.jpg,https://i.etsystatic.com/62574134/r/il/ca4da8/7881573540/il_fullxfull.7881573540_bclt.jpg,https://i.etsystatic.com/62574134/r/il/992ad1/7881573536/il_fullxfull.7881573536_kplf.jpg,https://i.etsystatic.com/62574134/r/il/42af7c/7929536097/il_fullxfull.7929536097_rd5q.jpg,https://i.etsystatic.com/62574134/r/il/786a87/7929536129/il_fullxfull.7929536129_iwlv.jpg,https://i.etsystatic.com/62574134/r/il/0b76e1/7929536103/il_fullxfull.7929536103_hx24.jpg,https://i.etsystatic.com/62574134/r/il/fe909b/7881573568/il_fullxfull.7881573568_g07z.jpg,,,,,,,
"DIY Farmstand Plans Guide Tutorial PDF | Driveway Roadside Veggie Flower Honey Soap Eggs Bakery Market Stand Cart - Instant Download","Turn Your Harvest into Profit: The Ultimate DIY Roadside Farmstand

Capitalize on the growing demand for local, homegrown goods with a professional storefront right in your front yard. This comprehensive woodworking blueprint guides you through building a sturdy, weather-ready roadside farmstand. Designed with a charming pitched roof and scalloped trim, this stand naturally attracts roadside traffic and provides a premium display for your hard work.

Whether you are a homesteader looking to sell excess produce, an artisan baker, or a flower farmer, this heavy-duty market stall is built to showcase your products beautifully and securely.

Optimized for Homesteaders & Makers:
This is not a flimsy pop-up tent; it is a permanent-style wooden structure designed to command attention and withstand the elements.

High-Capacity Shelving: Features multiple tiered shelves with a wrap-around middle ledge, perfectly spaced to display a wide variety of goods simultaneously without looking cluttered.

Charming Architectural Details: The custom roofline and decorative fascia board give your stand a boutique, trustworthy aesthetic that encourages customers to stop and shop.

Stable & Elevated Design: Raised off the ground to protect your goods from moisture and pests, while providing a comfortable browsing height for your customers.

Highly Profitable Niches: Based on current market trends, this structure is the perfect storefront for:

Fresh Farm Eggs & Local Honey

Sourdough Bread & Bakery Goods

Fresh-Cut Flowers & Nursery Plants

Seasonal Vegetables & Organic Produce

Handmade Crafts & Roadside Art

Fully Assembled Dimensions:

Overall Width: 84 inches

Overall Depth: 48 inches

Overall Height: 108 1/2 inches (from the ground to the roof peak)

What is Included in Your PDF Download:
Your instant download equips you with a professional-grade build guide to get your project done right the first time.

Universal Formats: Complete instructions provided in both Imperial (inches) and Metric (mm).

Efficient Cut & Material Lists: Take the exact shopping list to the lumber yard and follow the precise cut guide to minimize your material waste.

Visual 3D Instructions: Crystal-clear, step-by-step diagrams that walk you through framing the base, installing the custom shelving, and building the pitched roof.

(Please Note: This listing is for a digital PDF woodworking plan. No physical farmstand, materials, or tools will be shipped.)

Build a beautiful home for your homegrown business. Download your plans today and start selling your harvest!",855,TRY,63,"farm_stand,farmstand_diy_plan","PDF file,Printable,Digital,İnstand Dowland",https://i.etsystatic.com/62574134/r/il/e56172/7902191911/il_fullxfull.7902191911_kx63.jpg,https://i.etsystatic.com/62574134/r/il/b89f18/8021551407/il_fullxfull.8021551407_pj62.jpg,https://i.etsystatic.com/62574134/r/il/40bcf7/7902191915/il_fullxfull.7902191915_o02v.jpg,https://i.etsystatic.com/62574134/r/il/064e59/7854231734/il_fullxfull.7854231734_sx0c.jpg,https://i.etsystatic.com/62574134/r/il/c3a5b5/7902191907/il_fullxfull.7902191907_nk6a.jpg,https://i.etsystatic.com/62574134/r/il/7995db/7902191927/il_fullxfull.7902191927_f667.jpg,https://i.etsystatic.com/62574134/r/il/514105/7902191917/il_fullxfull.7902191917_hbum.jpg,https://i.etsystatic.com/62574134/r/il/c6c6fb/7902191923/il_fullxfull.7902191923_n3o7.jpg,https://i.etsystatic.com/62574134/r/il/75a7ce/7854231738/il_fullxfull.7854231738_fo28.jpg,https://i.etsystatic.com/62574134/r/il/6853ad/7854231750/il_fullxfull.7854231750_6cto.jpg,,,,,,,
"DIY Coffee Cart with Canopy Plans PDF | Outdoor Mobile Espresso Bar Cart","Launch Your Dream Mobile Café with a Standout Storefront! 🌿☕

First impressions are everything in the mobile vending business. This digital DIY Canopy Coffee Cart plan empowers you to build a premium, eye-catching espresso bar that naturally draws a crowd. Whether you're an aspiring barista, an event planner, or an entrepreneur looking for a low-overhead business model, this custom cart is the perfect foundation for your brand.

By building it yourself, you bypass the massive markup of commercial outfitters, allowing you to invest your capital back into your business—where it belongs!

🚀 THE BUSINESS ADVANTAGES:

Instant Visibility: The classic overhead canopy provides a commanding vertical presence, making your business easy to spot from across a crowded market or event hall.

Maximum ROI: Drastically lower your startup costs. Build a high-end, boutique-quality cart on a DIY budget.

Branding Real Estate: The roof structure and front panels offer the perfect blank canvas for your custom signage, hanging menus, or ambient string lights.

Optimized Workflow: Features heavy-duty caster compatibility for smooth mobility, plus fold-out side counters to maximize your prep area during busy rush hours.

🎯 PERFECT FOR MULTIPLE NICHES:
This blueprint isn't just for coffee! The versatile, storefront-style design is highly profitable for:

Specialty Coffee & Espresso Pop-ups

Matcha, Boba, or Iced Tea Stations

Wedding Reception & Corporate Event Catering

Farmer’s Market Bakery & Pastry Stands

Boutique Lemonade or Seasonal Beverage Carts

📐 BUILT DIMENSIONS:

Width: 58 inches (when side prep shelves are extended)

Depth: 26 inches

Height: 88 inches (from the ground to the canopy peak)

📥 WHAT IS INCLUDED IN YOUR DOWNLOAD:
Your instant PDF download comes fully loaded with everything you need for a smooth build:

Global Measurements: All dimensions are provided in both Imperial (inches) and Metric (mm).

Shopping & Cut Lists: A complete material and hardware breakdown, plus precise cut lists to eliminate material waste.

Required Tool Guide: Know exactly what you need before you make the first cut.

3D Assembly Instructions: Crystal-clear, step-by-step visual diagrams that take you from the base frame all the way to the roof structure.

(Please Note: This listing is for a DIGITAL PDF build guide. No physical materials or carts will be shipped.)

Turn your business idea into reality! Add this plan to your cart, download instantly, and start building your mobile storefront today. 🔨💼",570,TRY,75,"coffee_cart_plan,mobile_coffee_cart","PDF file,Printable,Digital,İnstand Dowland",https://i.etsystatic.com/62574134/r/il/b41175/7809160450/il_fullxfull.7809160450_pr0v.jpg,https://i.etsystatic.com/62574134/r/il/7d3d13/7857100661/il_fullxfull.7857100661_bqde.jpg,https://i.etsystatic.com/62574134/r/il/6e67c1/7857100769/il_fullxfull.7857100769_dycr.jpg,https://i.etsystatic.com/62574134/r/il/d7d86e/7857100717/il_fullxfull.7857100717_jlr9.jpg,https://i.etsystatic.com/62574134/r/il/fcbc90/7857100725/il_fullxfull.7857100725_6c8e.jpg,https://i.etsystatic.com/62574134/r/il/edb831/7809160454/il_fullxfull.7809160454_s85l.jpg,https://i.etsystatic.com/62574134/r/il/c7b228/7809160456/il_fullxfull.7809160456_i92g.jpg,https://i.etsystatic.com/62574134/r/il/30425a/7809160470/il_fullxfull.7809160470_qetq.jpg,https://i.etsystatic.com/62574134/r/il/659651/7857100765/il_fullxfull.7857100765_1cwv.jpg,https://i.etsystatic.com/62574134/r/il/a21963/7857056935/il_fullxfull.7857056935_pc95.jpg,,,,,,,
"DIY Collapsible Coffee Cart Blueprint Plans PDF | Mobile Espresso Bar Blueprint | Fluted Wood Barista Stand | Portable Cafe Woodworking","Launch Your Premium Mobile Café: The Ultimate Barista-Optimized Coffee Cart

Step into the profitable world of mobile coffee catering with a cart designed by makers, for baristas. This comprehensive digital woodworking blueprint provides the exact plans to build a stunning, professional-grade espresso cart. Featuring a highly trendy fluted (slatted) wood exterior and a dedicated custom signage plaque, this cart guarantees your brand will stand out at weddings, corporate events, and farmer's markets.

Stop settling for wobbly folding tables. Build a heavy-duty, purpose-built coffee station that enhances your workflow and commands premium booking rates.

Engineered for the Perfect Workflow:

Barista-Specific Cutouts: The top counter is strategically designed with pre-planned cutouts perfect for drop-in drip trays, knock boxes, or a small pitcher rinser/sink. Keep your counter clean and your service fast!

Optimized Rear Storage: The open back design provides deep, accessible shelving to perfectly organize your espresso machine water tanks, milk pitchers, coffee bean bags, and cup inventory.

Massive Collapsible Workspace: Expand your service area when the rush hits! The heavy-duty folding side shelves give you an impressive 85 inches of total counter space, then collapse down seamlessly to fit into your van or trailer.

Custom Brand Plaque: The raised circular center panel on the front is the perfect canvas for your custom café logo or a trendy acrylic sign.

Elegant Fluted Design: The modern slatted wood exterior completely hides your plumbing and under-counter storage from the customer's view, presenting a flawless aesthetic.

Highly Profitable Coffee Niches:
This blueprint is the foundation for your new business:

Mobile Espresso & Specialty Coffee Bars

Pop-Up Matcha & Artisan Tea Stations

Wedding Reception Beverage Catering

Farmer's Market Cold Brew Stands

Fully Assembled Dimensions:

Overall Width: 85 inches (with both side shelves fully extended)

Overall Depth: 26-1/2 inches

Overall Height: 36 inches (ergonomic barista working height)

Inside Your Digital PDF Download:
Your instant download provides a professional-grade, easy-to-follow build guide:

Universal Measurement Standards: All details provided in both Imperial (inches) and Metric (mm).

Precise Material & Cut Lists: Take the exact shopping list to the lumber yard and follow our cutting guide to eliminate costly waste.

Step-by-Step 3D Assembly: Crystal-clear visual instructions that walk you through framing the base, cutting the specialized countertop holes, attaching the foldable sides, and applying the fluted exterior.

(Please Note: This listing is for a digital PDF woodworking plan only. No physical cart, espresso equipment, or materials will be shipped.)

Build a storefront that matches the quality of your coffee. Download your plans today and start brewing!",420,TRY,45,"coffee_cart_plan,mobile_coffee_cart","PDF file,Printable,Digital,İnstand Dowland",https://i.etsystatic.com/62574134/r/il/19c7a6/7929517805/il_fullxfull.7929517805_6ez8.jpg,https://i.etsystatic.com/62574134/r/il/54558f/7929517771/il_fullxfull.7929517771_7ryp.jpg,https://i.etsystatic.com/62574134/r/il/700b6b/7929517803/il_fullxfull.7929517803_sp5e.jpg,https://i.etsystatic.com/62574134/r/il/eba2f4/7929517813/il_fullxfull.7929517813_rqcn.jpg,https://i.etsystatic.com/62574134/r/il/acb06a/7881555554/il_fullxfull.7881555554_s6io.jpg,https://i.etsystatic.com/62574134/r/il/b442c5/7881555556/il_fullxfull.7881555556_g11w.jpg,https://i.etsystatic.com/62574134/r/il/fdd5a6/7929517789/il_fullxfull.7929517789_glde.jpg,https://i.etsystatic.com/62574134/r/il/d6fb4a/7929517781/il_fullxfull.7929517781_i2s6.jpg,https://i.etsystatic.com/62574134/r/il/1bcada/7881555548/il_fullxfull.7881555548_pz1r.jpg,https://i.etsystatic.com/62574134/r/il/fa0883/7881555568/il_fullxfull.7881555568_qrq5.jpg,,,,,,,
"Collapsible Charcuterie Cart DIY Plans PDF | Snack Cart Blueprint | Fluted Wooden Dessert Bar | Portable Vendor Stand Woodworking Guide","Elevate Your Catering Business with the Modern Fluted Charcuterie Cart

Stand out at any high-end wedding, corporate event, or garden party! This digital woodworking blueprint provides the exact plans to build a premium, collapsible charcuterie and dessert cart. Featuring a highly sought-after modern slatted (fluted) wood exterior and an ingenious drop-in insert system, this cart is designed to make your catering service look as incredible as your food tastes.

Stop relying on basic folding tables. Build a sophisticated, highly functional mobile service station that justifies premium booking rates and leaves a lasting impression on your clients.

Engineered for Professional Aesthetics & Workflow:

Trendy Slatted Wood Design: The sleek, fluted front panel hides your under-counter storage and provides a boutique, high-end aesthetic that event planners and brides absolutely love.

Massive Collapsible Workspace: Thanks to the heavy-duty fold-out side shelves, this cart expands to a massive 85-inch wingspan during service! When the event is over, simply fold the shelves down for easy loading into your transport vehicle.

Custom Drop-In Insert System: The top counter is strategically pre-planned with cutouts to perfectly hold standard food pans. It’s the ultimate setup for grazing tables, keeping your ingredients sanitary, organized, and beautifully displayed.

Smooth Mobility: Designed around sturdy caster wheels to easily glide across banquet halls, patios, and outdoor venues.

Perfect For High-Profit Catering Niches:
This versatile layout is exactly what customers are searching for to launch their:

Luxury Charcuterie & Grazing Stations

Build-Your-Own Dessert & Cake Carts

Upscale Elote (Street Corn) Stands

Elegant Candy Bar & Snack Stations

Mobile Pancake & Waffle Catering

Fully Assembled Dimensions:

Overall Width: 85 inches (with both side shelves fully extended)

Overall Depth: 26-1/2 inches

Overall Height: 36 inches (ergonomic serving height)

Inside Your Digital PDF Download:
Your instant download equips you with a professional-grade build guide:

Universal Measurement Standards: Fully detailed in both Imperial (inches) and Metric (mm).

Precise Material & Cut Lists: Buy exactly what you need and follow our cutting guide to eliminate costly material waste.

Step-by-Step 3D Assembly: Crystal-clear visual instructions that walk you through framing the base, creating the drop-in cutouts, attaching the collapsible shelves, and applying the modern slatted exterior.

(Please Note: This listing is for a digital PDF woodworking plan. No physical cart, plastic inserts, or materials will be shipped.)

Build a storefront that matches the quality of your service. Download your plans today and craft your ultimate catering cart!",570,TRY,45,"coffee_cart_plan,mobile_coffee_cart","PDF file,Printable,Digital,İnstand Dowland",https://i.etsystatic.com/62574134/r/il/d8c5d1/7881501866/il_fullxfull.7881501866_jv21.jpg,https://i.etsystatic.com/62574134/r/il/69edb9/7929464365/il_fullxfull.7929464365_q6a0.jpg,https://i.etsystatic.com/62574134/r/il/a9b84a/7881501840/il_fullxfull.7881501840_nxna.jpg,https://i.etsystatic.com/62574134/r/il/042f25/7881501842/il_fullxfull.7881501842_f67u.jpg,https://i.etsystatic.com/62574134/r/il/931727/7929464349/il_fullxfull.7929464349_2l0c.jpg,https://i.etsystatic.com/62574134/r/il/c6a3d6/7929464319/il_fullxfull.7929464319_4tpe.jpg,https://i.etsystatic.com/62574134/r/il/34a51c/7881501860/il_fullxfull.7881501860_6rpu.jpg,https://i.etsystatic.com/62574134/r/il/c18d24/7929464375/il_fullxfull.7929464375_21gk.jpg,https://i.etsystatic.com/62574134/r/il/f55d81/7881501876/il_fullxfull.7881501876_97hu.jpg,https://i.etsystatic.com/62574134/r/il/b3d8fb/7881501878/il_fullxfull.7881501878_49j2.jpg,,,,,,,
"DIY Pancake Cart Plans PDF | Mobile Food Stand with Umbrella Mount | Crepe & Dessert Bar Blueprint | Event Catering Woodworking","Make Your Business the Centerpiece of Any Outdoor Event

High-end events demand high-end aesthetics. This comprehensive digital woodworking guide provides the exact blueprints to build an elegant, high-capacity mobile pancake and dessert cart. Featuring a built-in umbrella mount and expansive counter space, this design allows you to serve crowds in style while keeping your overhead low.

By building this commercial-grade catering station yourself, you create a premium rental or service asset that commands attention at garden parties, weddings, and corporate retreats.

Strategic Design for Caterers & Makers:

This plan moves away from standard industrial looks and focuses on classic hospitality and seamless workflow.

Integrated Umbrella System: Engineered with a secure central anchor point to accommodate a standard patio umbrella. This not only provides crucial shade for your ingredients and staff but also creates a highly visible, inviting aesthetic for guests.

High-Volume Workspace: The massive 84-inch top counter features heavy-duty folding side brackets. This gives you plenty of room for multiple griddles, topping stations, and serving areas during the rush, while remaining completely collapsible for easy transport.

Brand-Ready Frontage: The sleek, enclosed front panel acts as a blank canvas. It is perfectly proportioned for mounting your custom 3D business logo or applying vinyl decals.

Smooth Terrain Mobility: The reinforced base is designed for robust caster wheels, ensuring you can easily roll your fully loaded cart across patio stones, event hall floors, or manicured lawns.

Highly Profitable Event Niches:

Gourmet Pancake, Crepe & Waffle Stations

Outdoor Brunch Catering & Mimosa Bars

Summer Garden Party Dessert Buffets

Lemonade, Iced Tea & Refreshment Stands

Fully Assembled Dimensions:

Overall Width: 84 inches (with both side shelves extended)

Base Depth: 26 inches

Counter Height: 34 inches

Inside Your Digital Blueprint:

Your instant PDF download includes everything required for a precise and efficient build:

Global Measurement Standards: Detailed fully in both Imperial (inches)

Complete Material & Cut Lists: Optimize your lumber purchases and minimize waste with our exact cutting guide.

Hardware Breakdown: A thorough checklist including the specific hinges and brackets needed for the collapsible side shelves.

3D Step-by-Step Assembly: Clear, visual diagrams that walk you through building the reinforced base, the enclosed cabinet, and the umbrella mounting support.

(Please Note: This listing is for a digital PDF build guide only. No physical cart, umbrella, or materials are included.)

Elevate your catering setup. Download your plans today and build a mobile station that leaves a lasting impression.",570,TRY,57,"coffee_cart_plan,mobile_coffee_cart,pancake_cart_plan,crepe_cart,food_stand,catering_cart","PDF file,Printable,Digital,İnstand Dowland",https://i.etsystatic.com/62574134/r/il/cd0083/7809255126/il_fullxfull.7809255126_q6ly.jpg,https://i.etsystatic.com/62574134/r/il/1ba6c5/7857195247/il_fullxfull.7857195247_gwhd.jpg,https://i.etsystatic.com/62574134/r/il/b9e10f/7809255090/il_fullxfull.7809255090_msak.jpg,https://i.etsystatic.com/62574134/r/il/918625/7809255118/il_fullxfull.7809255118_mcc6.jpg,https://i.etsystatic.com/62574134/r/il/6aadf6/7809255104/il_fullxfull.7809255104_2kfs.jpg,https://i.etsystatic.com/62574134/r/il/1a97d1/7809255112/il_fullxfull.7809255112_pizx.jpg,https://i.etsystatic.com/62574134/r/il/1ab9c1/7809255114/il_fullxfull.7809255114_6nao.jpg,https://i.etsystatic.com/62574134/r/il/1e46e8/7857195263/il_fullxfull.7857195263_mm4c.jpg,https://i.etsystatic.com/62574134/r/il/fa2982/7809255100/il_fullxfull.7809255100_5gjm.jpg,https://i.etsystatic.com/62574134/r/il/2661b4/7857195265/il_fullxfull.7857195265_9oc1.jpg,,,,,,,
"DIY Lemonade Cart Plans PDF | Full Size Wooden Market Stand | Mobile Drink Booth Blueprint | Outdoor Event, Concession Kiosk PDF","Elevate your next event, farmer's market, or side hustle with a professional-grade mobile kiosk! 🍋🌿

Whether you're starting a local beverage business, looking for the perfect Lemonade Stand for Party setups, or needing a stunning Wooden Stand Booth for weddings and outdoor events, this premium design is exactly what you need. Our step-by-step Lemonade Stand Plans will guide you in building a full-sized, heavy-duty, and beautifully crafted mobile cart that commands attention.

Forget the flimsy, temporary setups. This is a sturdy, adult-sized Lemonade Cart designed for real use, featuring smooth-rolling casters for ultimate mobility and a stunning overhead frame perfect for your custom Lemonade Stand Canopy.

✨ Why You'll Love This Build:
This isn't just an Outdoor Lemonade Stand; it's a highly versatile commercial asset! Use it as a coffee cart, a Wooden Market Stand for your handmade goods, a dessert bar, or a classic Lemonade Stand Booth. The design includes a tall top board, giving you the perfect real estate to hang your custom Lemonade Stand Sign and attract a crowd.

📏 Dimensions of the Finished Cart:
• Overall Height: 81 inches (Tall, professional, and visually striking)
• Width: 58 inches (Plenty of counter space for equipment and serving)
• Depth: 26 inches (Deep enough for storage, slim enough to fit through standard doorways)

🛠️ What’s Included in Your Digital Download:
• Comprehensive, easy-to-read Lemonade Cart building instructions (High-quality PDF format)
• Detailed 3D diagrams and precise measurements
• Complete material shopping list and efficient cut lists
• Step-by-step assembly guidance, including base, paneling, and canopy frame construction

Ready to launch your business or create an unforgettable event feature? Grab your tools, design your Lemonade Stand Flyer, and let's start building a premium cart that will serve you for years to come!

(Please note: This is a DIGITAL PRODUCT. No physical items will be shipped. You will receive your blueprints immediately upon purchase so you can start your project right away!)

Happy building, and cheers to your success! 🥂🍋",570,TRY,82,"coffee_cart_plan,mobile_coffee_cart",,https://i.etsystatic.com/62574134/r/il/4fba7b/8060569939/il_fullxfull.8060569939_cbjs.jpg,https://i.etsystatic.com/62574134/r/il/591067/8012659550/il_fullxfull.8012659550_71ay.jpg,https://i.etsystatic.com/62574134/r/il/f52139/8012659546/il_fullxfull.8012659546_6cn9.jpg,https://i.etsystatic.com/62574134/r/il/687bde/8012659542/il_fullxfull.8012659542_40j7.jpg,https://i.etsystatic.com/62574134/r/il/1388ff/8060569937/il_fullxfull.8060569937_5bid.jpg,https://i.etsystatic.com/62574134/r/il/9d1ff5/8060569951/il_fullxfull.8060569951_kyw1.jpg,,,,,,,,,,,
"DIY Foldable Market Stall Plans PDF | Wooden Display Stand with Canopy | Craft Show Vendor Booth Blueprint | Portable Street Fair Cart Plan","Elevate Your Brand with a Stunning, Modern Vendor Booth!

100% Satisfaction & Money-Back Guarantee!

We are so confident that you will love building this project that we offer a 100% money-back guarantee. If you are not completely satisfied with these plans for any reason, we will refund your purchase—no questions asked!

Ongoing Support via Etsy Messages

Building your dream market setup is an exciting step for your business, and we are here to support you! If you have any questions, need technical advice, or require help during your build process, simply send us a message through Etsy. We provide full, ongoing support to ensure your market stall turns out perfectly.

About This Build

Make a lasting impression at your next event with this beautifully designed Foldable Market Stall Display Stand. Whether you are setting up at a busy street fair, a local craft show, a food festival, or even using it as an elegant party decoration, this Wooden Business Vendor Cart provides a high-end, professional look that will draw customers in.

Designed with both aesthetics and practicality in mind, this tall booth features a sleek, minimalist frame with striking X-bracing for structural stability. The design includes a spacious front counter for your products, a solid back wall to frame your space and hide excess inventory, and a stylish canopy overhead to provide shade and a polished retail feel. Best of all, it is designed to be easily assembled and disassembled, making it the perfect Portable Pop-Up Shop for vendors on the go.

Dimensions

Width: 75 inches

Depth: 52 inches

Overall Height: 97-3/8 inches

What You Will Get in This PDF

Instant Digital Download: Start preparing for your next big market today!

Step-by-Step Instructions: A logical, easy-to-follow guide tailored for builders of all skill levels.

Comprehensive Material List: Know exactly what lumber and hardware you need before hitting the store.

Exact Cut List: Minimize waste and save money with precise measurements for every piece.

Stop relying on flimsy folding tables and generic tents. Download your detailed Market Stall Plans today and build a spectacular, custom vendor display that reflects the quality of your products!",500,TRY,69,"farm_stand,farmstand_diy_plan",,https://i.etsystatic.com/62574134/r/il/c38746/8024823523/il_fullxfull.8024823523_lcny.jpg,https://i.etsystatic.com/62574134/r/il/6fbd9b/7976869768/il_fullxfull.7976869768_d31q.jpg,https://i.etsystatic.com/62574134/r/il/e69936/8024823507/il_fullxfull.8024823507_46is.jpg,https://i.etsystatic.com/62574134/r/il/49d504/8024823483/il_fullxfull.8024823483_fu9e.jpg,https://i.etsystatic.com/62574134/r/il/c671cb/7976869796/il_fullxfull.7976869796_lepb.jpg,,,,,,,,,,,,
"DIY Carpenter Bee Trap Plans PDF | Wooden Wood Bee Catcher Woodworking | Mason Jar Bee Traps for Outside Hanging","[The Hook & Support Promise]

Protect your home, deck, and patio from destructive wood bees with our easy-to-build DIY Carpenter Bee Trap Plans! This woodworking project is perfect for beginners and requires minimal materials. Need help during the build? We've got you covered! We provide full, ongoing support via Etsy messages to answer any questions and guide you every step of the way.

[About This Build]

Stop carpenter bees from ruining your wooden structures! This wooden carpenter bee trap is a proven, chemical-free solution. The clever design naturally mimics the holes these bees look for, funneling them down into a standard glass jar where they cannot escape.

Perfect for hanging around your porch, barn, or garden, these bee traps for outside hanging are both highly effective and look great with their rustic, natural wood aesthetic. It is the ultimate wood bee catcher!

[Dimensions (Wooden Trap Base)]

Width: 4-1/4""

Depth: 2-7/8""

Height: 4-1/2""

(Designed to perfectly fit a standard Mason Jar at the bottom)

[What You Will Get in This PDF]

Instant Digital Download (No physical item will be shipped)

Clear, step-by-step building instructions

Detailed 3D CAD illustrations and diagrams

Exact Material List & Cut List

Tips for optimal placement and catching success

[Perfect For]

Anyone looking for effective Carpenter Bee Solutions

Creating a natural Bee Trap Mason Jar setup

Gardeners needing a reliable Woodbee Trap or Bumble Bee Trap

Quick and profitable weekend woodworking projects!

Download your Carpenter Bee Traps Wood PDF guide today, build it in an afternoon, and keep your wood structures safe all season long!",150,TRY,59,Carpenter_Bee_Trap,,https://i.etsystatic.com/62574134/r/il/7f2880/7941130888/il_fullxfull.7941130888_dqn4.jpg,https://i.etsystatic.com/62574134/r/il/828146/7941130752/il_fullxfull.7941130752_ay7x.jpg,https://i.etsystatic.com/62574134/r/il/486931/7941130904/il_fullxfull.7941130904_s5s5.jpg,https://i.etsystatic.com/62574134/r/il/fc828e/7989092245/il_fullxfull.7989092245_bjnj.jpg,https://i.etsystatic.com/62574134/r/il/2e8bc3/7941130910/il_fullxfull.7941130910_gzop.jpg,https://i.etsystatic.com/62574134/r/il/ef6f4d/7989092253/il_fullxfull.7989092253_24wm.jpg,https://i.etsystatic.com/62574134/r/il/f34f5b/7941130944/il_fullxfull.7941130944_2bvk.jpg,,,,,,,,,,
"DIY Roadside Farm Stand Plans PDF | Enclosed Produce Rack & Vegetable Stand | Egg Stand with Cooler Space","Build your dream roadside market with our comprehensive DIY Roadside Farm Stand Plans! Whether you are a seasoned woodworker or just starting your DIY journey, we've got your back. Need help during the build process? Don't worry! We provide full, ongoing support via Etsy messages to answer any questions and guide you every step of the way.

[About This Build]

Start selling your homegrown organic goods, fresh eggs, and beautiful flowers with this professional-grade Farm Stand Enclosed DIY project. Designed for both functionality and rustic charm, this produce stand outdoor home decor piece is the perfect addition to your homestead or driveway.

This spacious farmstand shed features sturdy, lockable double doors to keep your products secure overnight, a protective slanted roof, and deep shelving. It even includes the highly requested space for a cooler—making it perfect as an egg stand plan with cooler compatibility!

[Dimensions]

Width: 96"" (8 ft)

Depth: 48"" (4 ft)

Overall Height: 133-1/16""

[What You Will Get in This PDF]

Instant Digital Download (No physical item will be shipped)

Clear, step-by-step building instructions

Detailed 3D CAD illustrations and diagrams

Comprehensive Material List & Cut List

Tool recommendations

[Perfect For]

Vegetable Stand Plans for farmers and gardeners

Produce Rack Plans for displaying fresh harvests

Bread Stand Building Plans for home bakers

Eggstand Plans for backyard chicken keepers

Farm Shop Stand or a charming Farm Stand Hut

Stop searching for complicated wood stand plans and start building! Download your farmstand plan DIY PDF today and bring your roadside market vision to life.",855,TRY,78,"farm_stand,farmstand_diy_plan",,https://i.etsystatic.com/62574134/r/il/043e2e/7930231866/il_fullxfull.7930231866_r4gw.jpg,https://i.etsystatic.com/62574134/r/il/99f9b9/7930231842/il_fullxfull.7930231842_35kb.jpg,https://i.etsystatic.com/62574134/r/il/105421/7978187259/il_fullxfull.7978187259_du70.jpg,https://i.etsystatic.com/62574134/r/il/505ff7/7978187257/il_fullxfull.7978187257_ftx6.jpg,https://i.etsystatic.com/62574134/r/il/6738ef/7978187249/il_fullxfull.7978187249_s14c.jpg,https://i.etsystatic.com/62574134/r/il/04aa12/7930231846/il_fullxfull.7930231846_m98c.jpg,https://i.etsystatic.com/62574134/r/il/d34a5a/7930231852/il_fullxfull.7930231852_k3lh.jpg,https://i.etsystatic.com/62574134/r/il/1b2bc1/7978187253/il_fullxfull.7978187253_abuj.jpg,,,,,,,,,
"Special DIY Mobile Cart Plans","Special listing",1000,TRY,88,"coffee_cart_plan,mobile_coffee_cart","PDF file,Printable,Digital,İnstand Dowland",https://i.etsystatic.com/62574134/r/il/e4fc62/7835123544/il_fullxfull.7835123544_1xm7.jpg,https://i.etsystatic.com/62574134/r/il/1d88d6/7883086565/il_fullxfull.7883086565_cb6w.jpg,https://i.etsystatic.com/62574134/r/il/72115a/7835136730/il_fullxfull.7835136730_5j3x.jpg,https://i.etsystatic.com/62574134/r/il/c85cbe/7835136736/il_fullxfull.7835136736_efgv.jpg,,,,,,,,,,,,,
"Mobile Folding Coffee Cart DIY Plans PDF | Collapsible Bar Cart for Events","Stop Dreaming, Start Brewing: Build Your Mobile Coffee Future Today

The future of retail is mobile, and it's calling for specialized service. This is your chance to answer that call without the crushing overhead of a traditional storefront. Our complete DIY wood-working guide allows you to build a professional-grade, fully functional Mobile Folding Coffee Cart that’s engineered for business-on-the-go.

By building it yourself, you don't just save thousands of dollars—you craft a unique business toolkit that can follow the money wherever the crowd goes.

A Toolkit for Your Mobile Coffee Business:

This isn't just a plan for a nice piece of furniture. It's a blueprint for a profitable niche enterprise. Crafted for flexibility and aesthetics, this cart empowers you to launch numerous business concepts:

Espresso on Demand: Serve gourmet coffee at weddings, corporate retreats, and private parties.

Niche Market Leader: Leverage its size to dominate smaller, under-served niches like Mini Pancakes, Charcuterie Boards, Artisan Teas, or Luxury Snacks (as seen in our related searches).

Seasonal Stand: Perfect for summer markets, winter hot chocolate, or year-round farmer's markets.

Pop-Up Retail: Use it as a stylish display for Jewelry, Books, or Crafted Goods.

Engineered for Mobility & Convenience:

We designed this cart with the independent entrepreneur in mind. We know you need functionality and ease.

Smart Folding Design: With our engineered mechanisms, this cart features fold-out side counters to double your workspace at the venue, then seamlessly collapses back down for transport in most standard vans or even large SUVs.

Mobility as a Standard: All measurements and instructions assume the use of high-quality caster wheels, so you can easily reposition your storefront on the fly.

Built-In Functionality: Strategic compartment designs help you organize everything from water tanks and syrups to drip trays and cups, all within a compact footprint.

Inside Your Complete PDF Download:

Global Ready: All plans are meticulously detailed with both Metric (mm) and Imperial (inches) measurements for easy reading worldwide.

Efficient Cut Lists: Know exactly what wood to buy and how to cut it to maximize your materials and reduce waste.

Itemized Hardware List: Never make an extra trip to the store.

Step-by-Step Instructions: Crystal-clear 3D assembly diagrams and written guide walk you through every phase of the build, from the base frame to the clever folding mechanisms.

Important Notes:

This is a DIGITAL PDF DOWNLOAD ONLY. No physical materials, tools, or pre-built cart are included. You are purchasing the build-it-yourself plans.

Your files will be available for instant download directly from Etsy after payment is confirmed.

Take control of your business venture. Invest in these plans today and start building the mobile shop you've been imagining.",570,TRY,96,"coffee_cart_plan,mobile_coffee_cart","PDF file,Printable,Digital,İnstand Dowland",https://i.etsystatic.com/62574134/r/il/79c14d/7857127153/il_fullxfull.7857127153_3ekj.jpg,https://i.etsystatic.com/62574134/r/il/521b18/7857131411/il_fullxfull.7857131411_9erz.jpg,https://i.etsystatic.com/62574134/r/il/477b3b/7809187058/il_fullxfull.7809187058_km34.jpg,https://i.etsystatic.com/62574134/r/il/82864e/7857127155/il_fullxfull.7857127155_oetk.jpg,https://i.etsystatic.com/62574134/r/il/16636d/7857127165/il_fullxfull.7857127165_sh3g.jpg,https://i.etsystatic.com/62574134/r/il/9bc3cd/7857127169/il_fullxfull.7857127169_r3u4.jpg,https://i.etsystatic.com/62574134/r/il/d516e7/7809187048/il_fullxfull.7809187048_mjgw.jpg,https://i.etsystatic.com/62574134/r/il/ddf07c/7809187054/il_fullxfull.7809187054_8c1y.jpg,https://i.etsystatic.com/62574134/r/il/1ff39e/7809187030/il_fullxfull.7809187030_tkbr.jpg,https://i.etsystatic.com/62574134/r/il/40de09/7809187046/il_fullxfull.7809187046_asda.jpg,,,,,,,
"DIY Rustic Wood Christmas Tree Topper Star Plans (Digital Download)","Stop searching for the perfect finishing touch. Build it.

Crown your Christmas tree with this stunning, handmade Wood Christmas Tree Topper Star. With our comprehensive DIY Wooden Tree Topper Plans, you can create a beautiful, 12-inch star that blends timeless charm with a modern farmhouse aesthetic.

This design is the very definition of a Rustic Christmas Tree Topper. The angled, faceted construction gives it a high-end, 3D look that catches the light beautifully, while the simple geometry gives it that classic Barnwood Tree Topper feel.

Whether your decor is rustic, minimalist, or traditional, this handmade star will be the piece that ties it all together—a true family heirloom in the making.

Final Project Dimensions:
Width: 12 inches (approx. 30.5 cm)

Height: 12 inches (approx. 30.5 cm, plus the mounting base)

What You Will Receive:
Your digital download is a detailed, easy-to-follow PDF guide that includes everything you need:

Full-Scale Printable Template (1:1): Takes all the guesswork out of the complex angles. Just print, trace, and cut.

Step-by-Step Assembly Instructions: We guide you from the first cut to the final assembly.

Complete Materials & Shopping List: Know exactly what you need before you start.

Precise Cut List: All measurements and angles are clearly laid out.

Clear 3D & 2D Diagrams: Visualize every step of the process.

Project Details:
Skill Level: Adventurous Beginner / Intermediate (Requires basic comfort with angled cuts on a miter saw or miter box).

Tools: Miter saw (recommended), glue, and clamps (or pin nailer).

Don't let your beautiful tree be let down by a generic, store-bought topper. Download your plans today and build the perfect Wood Christmas Star that your holiday display deserves!",50,TRY,82,"Christmas,wood,diy_plan","PDF file,Printable,Digital,İnstand Dowland",https://i.etsystatic.com/62574134/r/il/409dd6/7416725900/il_fullxfull.7416725900_h9uf.jpg,https://i.etsystatic.com/62574134/r/il/0a7ab8/7464644549/il_fullxfull.7464644549_ih1l.jpg,https://i.etsystatic.com/62574134/r/il/ab9e20/7464644555/il_fullxfull.7464644555_2imz.jpg,https://i.etsystatic.com/62574134/r/il/62f9ee/7416725886/il_fullxfull.7416725886_85rs.jpg,https://i.etsystatic.com/62574134/r/il/f48cd5/7464644547/il_fullxfull.7464644547_ajm1.jpg,https://i.etsystatic.com/62574134/r/il/21b975/7464644553/il_fullxfull.7464644553_8kfm.jpg,https://i.etsystatic.com/62574134/r/il/a296ba/7416725896/il_fullxfull.7416725896_ox72.jpg,,,,,,,,,,
"DIY Mobile Bar Cart Plans PDF | Foldable Event Bar Blueprint | Collapsible Coffee Cart | Portable Fluted Wood Bar Build Guide","Build a Brand-Ready Mobile Bar: The Ultimate Collapsible Event Cart

Make your mark in the mobile bartending and event catering industry! This professional digital woodworking blueprint provides the exact plans to build a stunning, premium mobile bar. Featuring a highly popular fluted wood exterior and a dedicated custom signage plaque, this cart is engineered to make your brand—or your client's event—the center of attention.

Stop renting basic tables and build a sophisticated, pop-up ready storefront that commands premium booking rates for weddings, corporate events, and private parties.

Engineered for Event Professionals:

Custom Brand Plaque: The standout feature! A built-in, raised circular center panel perfectly designed for your custom business logo, vinyl decals, or trendy neon wedding signs.

Elegant Fluted Design: The modern slatted wood exterior completely hides your under-counter storage, inventory, and plumbing, presenting a flawless, boutique aesthetic to your guests.

Massive Foldable Workspace: Expand your service area effortlessly! The heavy-duty folding side shelves give you an impressive 85 inches of total counter space during the rush, then collapse down seamlessly for easy transport and storage.

True Mobility: Designed to integrate with heavy-duty caster wheels, allowing you to roll your fully stocked 6ft+ portable bar across patios, grass, and banquet halls with ease.

Highly Profitable Event Niches:
This blueprint is exactly what vendors are searching for to build their:

Custom Mobile Bartending & Cocktail Bars

Pop-Up Espresso & Coffee Carts

Wedding Reception & Champagne Stations

Elegant Lemonade & Mocktail Stands

Corporate Event Welcome Desks

Fully Assembled Dimensions:

Overall Width: 85 inches (with both side shelves extended)

Overall Depth: 26-1/2 inches

Overall Height: 36 inches (the perfect ergonomic bartending height)

Inside Your Digital PDF Download:
Your instant download provides a professional-grade, easy-to-follow build guide:

Universal Measurement Standards: All details provided in both Imperial (inches) and Metric (mm).

Precise Material & Cut Lists: Take the exact shopping list to the lumber yard and follow our cutting guide to eliminate costly waste.

Step-by-Step 3D Assembly: Crystal-clear visual instructions that walk you through framing the robust base, attaching the foldable sides, applying the fluted exterior, and mounting the signature logo plaque.

(Please Note: This listing is for a digital PDF woodworking plan only. No physical cart, signs, or materials will be shipped.)

Elevate your mobile business with a bar that looks as good as the drinks you serve. Download your plans today!",570,TRY,68,"coffee_cart_plan,mobile_coffee_cart","PDF file,Printable,Digital,İnstand Dowland",https://i.etsystatic.com/62574134/r/il/b3e157/7929489883/il_fullxfull.7929489883_aqf7.jpg,https://i.etsystatic.com/62574134/r/il/924ce7/7881527416/il_fullxfull.7881527416_qroe.jpg,https://i.etsystatic.com/62574134/r/il/bbe388/7881527506/il_fullxfull.7881527506_nsd9.jpg,https://i.etsystatic.com/62574134/r/il/392d50/7929489865/il_fullxfull.7929489865_2ldn.jpg,https://i.etsystatic.com/62574134/r/il/9513c6/7881527438/il_fullxfull.7881527438_j2r6.jpg,https://i.etsystatic.com/62574134/r/il/5dfe70/7929489935/il_fullxfull.7929489935_f1c2.jpg,https://i.etsystatic.com/62574134/r/il/a4fe6e/7929489887/il_fullxfull.7929489887_2dxl.jpg,https://i.etsystatic.com/62574134/r/il/69df10/7929489893/il_fullxfull.7929489893_h8lr.jpg,https://i.etsystatic.com/62574134/r/il/5b1d55/7881527474/il_fullxfull.7881527474_tvom.jpg,https://i.etsystatic.com/62574134/r/il/233244/7929489871/il_fullxfull.7929489871_6c3q.jpg,,,,,,,
"DIY Vendor Cart Plan PDF | Wooden Display Kiosk Blueprint | Craft Market Checkout Stand | Retail Fixtures | Unique Vendor Display Build","Stand Out at Your Next Market with a Stunning, Professional Display Kiosk!

100% Satisfaction & Money-Back Guarantee!

We are so confident that you will love building this project that we offer a 100% money-back guarantee. If you are not completely satisfied with these plans for any reason, we will refund your purchase—no questions asked!

Ongoing Support via Etsy Messages

Building your dream market setup is an exciting step, and we are here to support you! If you have any questions, need technical advice, or require help during your build process, simply send us a message through Etsy. We provide full, ongoing support to ensure your kiosk turns out perfectly.

About This Build

Upgrade from standard folding tables and elevate your brand with this beautiful DIY Display Kiosk! Whether you are selling handmade soaps, jewelry, or artisanal foods at a farmer's market, this Unique Vendor Display is designed to catch the eye of every passerby.

This modern, minimalist cart features a spacious Kiosk Counter for transactions and product displays, a sturdy back wall to frame your shop, and an elegant overhead awning with a dedicated Display Shelf With Logo area to prominently feature your brand name. It is the ultimate Craft Market Checkout Stand and serves perfectly as premium Vendor Display Furniture for pop-up shops, trade shows, or permanent

Retail Fixtures.

Skip the incredibly expensive pre-made commercial carts. With these comprehensive woodworking plans, you can build a high-end, professional-looking Portable Wooden Display Rack and Retail Shelving Display with your own two hands!

Dimensions

Width: 74-1/4""
Depth: 50""
Overall Height: 91-5/8""

Stop blending in with the crowd. Download your detailed vendor cart plans today and build a spectacular Display Stand for Vendors that will take your small business to the next level!",550,TRY,78,"farm_stand,farmstand_diy_plan",,https://i.etsystatic.com/62574134/r/il/3d4e8b/7976681446/il_fullxfull.7976681446_iynq.jpg,https://i.etsystatic.com/62574134/r/il/4f616a/8024635763/il_fullxfull.8024635763_7xu2.jpg,https://i.etsystatic.com/62574134/r/il/5bb785/7976681460/il_fullxfull.7976681460_1hq0.jpg,https://i.etsystatic.com/62574134/r/il/09d15f/7976681468/il_fullxfull.7976681468_omfr.jpg,https://i.etsystatic.com/62574134/r/il/0e87cc/7976681484/il_fullxfull.7976681484_ifnn.jpg,https://i.etsystatic.com/62574134/r/il/c3193d/7976681486/il_fullxfull.7976681486_n3r6.jpg,,,,,,,,,,,
"Editable Thank You Teacher Tags Gift Printable | Teacher Appreciation Tags Canva","Say ""Thank You"" in Style! 🌟

Struggling to find the perfect Teacher Pdf Gift at the last minute? We've got you covered! This 5-in-1 Teacher Gift Tag Digital Download is the ultimate time-saver for busy parents and loving students. Whether you are prepping for Teacher Appreciation Week or you need a Great School Year Tag for the last day of class, these Teacher Appreciation Gift Tags will make any gift feel incredibly special and personalized.

✨ WHY YOU WILL LOVE THIS BUNDLE ✨
• 5 Unique Designs: From sweet and simple to fun and colorful!
• 100% Editable: Easily customize names using our Teacher Appreciation Tags Canva link.
• Instant Access: Grab your Teacher Appreciation Pdf Tag immediately after purchase.
• Versatile: Use them as a simple Teachers Appreciate Card, a Teacher Appreciation Tag for Gift, or even an Appreciation Card Editable layout!

🎁 FUN WAYS TO USE YOUR TAGS 🎁
The possibilities for these Teach Appreciation Printables are endless:
• Tie one to a beautiful succulent for a cute Teacher Gift Printable Grow theme.
• Tape it to a sweet treat like a Teacher Candy Poster or Back to School Candy Poster.
• Need a small token of gratitude? Pair these with a C is for Coffee Tag on a gift card or use them as Tags for Pencil bundles!
• Let your favorite educator know that Teacher Appreciation Youre Priceless with a heartfelt Thanks to Teacher note.
• (Educators: These also make amazing Teacher Gift Tags to Students for the end of the year!)

📂 WHAT IS INCLUDED?
• 1 PDF document containing the link to your editable templates.
• A mix of 5 beautiful Thankyou Teacher Tags.
• High-quality Teacher Appreciation Gift Printables ready to be downloaded and printed at home.

📝 HOW TO GET STARTED:

Purchase this Editable Thank You Printable.

Check your email or Etsy purchases for the download link.

Open the PDF, click the Canva link, and add your personalization! (Free Canva account required)

Print, cut, and attach your new Teacher Day Labels.

Please Note: This is a digital file only. No physical products will be shipped.",100,TRY,59,,"PDF file,Printable,Digital,İnstand Dowland",https://i.etsystatic.com/62574134/r/il/affd2b/8035017145/il_fullxfull.8035017145_i1ib.jpg,https://i.etsystatic.com/62574134/r/il/986be6/7987077602/il_fullxfull.7987077602_myzo.jpg,https://i.etsystatic.com/62574134/r/il/5289cd/7987077598/il_fullxfull.7987077598_dkaa.jpg,https://i.etsystatic.com/62574134/r/il/a71af5/8035017185/il_fullxfull.8035017185_lb53.jpg,https://i.etsystatic.com/62574134/r/il/fbbffd/7987077636/il_fullxfull.7987077636_dczx.jpg,https://i.etsystatic.com/62574134/r/il/9f9110/8035017181/il_fullxfull.8035017181_gjck.jpg,,,,,,,,,,,
"DIY Farm Stand Mobile Cart Plans PDF | Egg Stand on Wheels Blueprint | Mobile Farmers Market Stand | Roadside Farmstand Cart","[The Hook & Support Promise]

Ready to take your homestead sales on the go? Build your own beautiful and functional display with our DIY Farm Stand Mobile Cart Plans! Whether you are a beginner or an experienced woodworker, we are here to help. If you need any assistance or have questions while building, simply send us an Etsy message! We provide full, ongoing support to guide you through your woodworking journey.

[About This Build]

Perfect for driveway sales, roadside pop-ups, or local markets, this farm stand on wheels is designed for ultimate convenience and rustic farmhouse charm. Easily roll your homestead stands in and out of the garage, or reposition it throughout the day to catch the best shade!

This versatile roadside farmstand on cart features a slanted corrugated roof, sturdy display shelves, space for heavy-duty caster wheels, and a convenient lower storage compartment with a drop-down door—ideal for use as a small farm stand with doors to keep extra stock safe, or as a secure egg stand plan.

[Dimensions]

Width: 47-7/8""

Depth: 30-1/2""

Overall Height: 70-1/16""

[What You Will Get in This PDF]

Instant Digital Download (No physical item will be shipped)

Clear, step-by-step building instructions

Detailed 3D CAD illustrations and diagrams

Comprehensive Material List & Cut List

Tool recommendations

[Perfect For]

Mobile Farmers Market Stand setups

A beautiful Flower Stand for Farmer Market displays

Roadside Bakery Plans for fresh bread and pastries

Eggstand Plans for your backyard flock

Any food stall plan or produce stand outdoor setup

Stop searching for complicated plans. Grab your farmstand blueprint today and start building the perfect mobile market for your local and organic goods!",855,TRY,77,"farm_stand,farmstand_diy_plan",,https://i.etsystatic.com/62574134/r/il/e49754/7930278364/il_fullxfull.7930278364_1ckt.jpg,https://i.etsystatic.com/62574134/r/il/12254b/7930278352/il_fullxfull.7930278352_2s45.jpg,https://i.etsystatic.com/62574134/r/il/02263c/7930278374/il_fullxfull.7930278374_om9p.jpg,https://i.etsystatic.com/62574134/r/il/fa2e92/7978233989/il_fullxfull.7978233989_cehu.jpg,https://i.etsystatic.com/62574134/r/il/d38fd7/7978233995/il_fullxfull.7978233995_5juy.jpg,https://i.etsystatic.com/62574134/r/il/f4fe20/7930278366/il_fullxfull.7930278366_bpz4.jpg,https://i.etsystatic.com/62574134/r/il/3440d2/7930278372/il_fullxfull.7930278372_j6v2.jpg,https://i.etsystatic.com/62574134/r/il/5bd732/7930278376/il_fullxfull.7930278376_etwk.jpg,https://i.etsystatic.com/62574134/r/il/39aeb1/7978233999/il_fullxfull.7978233999_5y84.jpg,https://i.etsystatic.com/62574134/r/il/3da38c/7978234013/il_fullxfull.7978234013_i90j.jpg,,,,,,,
"Enclosed DIY Farmstand Plans PDF | Secure Roadside Stand Blueprint | Barn Door Market Stall | Sourdough & Egg Stand Woodworking Guide","The Ultimate Enclosed Roadside Farmstand Blueprint

Take your homesteading business to the next level with a roadside storefront built for security, capacity, and rustic charm. Unlike open-air tables, this comprehensive digital woodworking plan guides you through building a massive, fully enclosed farm stand featuring classic double barn doors.

Whether you need a safe place to leave your goods overnight or want a structure that protects your delicate products from the wind and rain, this heavy-duty market stall is the ultimate solution for serious roadside vendors.

Engineered for Security & Sales:
This isn't just a stand; it's a permanent-style retail kiosk designed to protect your hard work.

Lockable Double Barn Doors: The wide-opening front doors allow customers to see your entire display during the day, and can be securely padlocked at night. No more hauling your inventory back and forth every evening!

Weather-Resistant Architecture: The enclosed walls and steep pitched roof provide deep shade and protection from sudden rain, keeping your bakery items and fresh produce safe.

Massive Retail Footprint: With nearly 100 inches of width, this structure is essentially a walk-in kiosk, giving you unparalleled space for multi-tiered shelving and high-volume inventory.

Targeted for High-Profit Niches:
Based on the most requested designs from our maker community, this blueprint is perfectly optimized if you are looking for:

Farmstand Plans for Sourdough & Artisan Breads

Plans for Roadside Flower Stand & Nursery Plants

Secure Egg Stand for Selling Eggs & Dairy

Vegetable Stand Plans for Farm-to-Table Produce

Foodstand DIY & Local Honey Booths

Craft Supplies & Artisan Market Stall

Fully Assembled Dimensions:

Overall Width: 97-1/2 inches

Overall Depth: 49-1/2 inches

Overall Height: 135-1/4 inches (from the ground to the roof peak)

Inside Your Digital PDF Download:
Your instant download provides a professional-grade building guide, ensuring a frustration-free woodworking experience:

Global Measurement Standards: Fully detailed in both Imperial (inches) and Metric (mm).

Precise Material & Cut Lists: Buy exactly what you need at the lumber yard and follow the cut guide to minimize your waste.

Step-by-Step 3D Assembly: Crystal-clear visual diagrams that walk you through framing the floor, erecting the enclosed walls, building the roof truss, and hanging the heavy-duty barn doors.

(Friendly Reminder: This listing is for a digital PDF woodworking plan. No physical farmstand, materials, or tools will be shipped.)

Build a secure storefront that works as hard as you do. Download your plans today and upgrade your roadside business!",850,TRY,96,"farm_stand,farmstand_diy_plan","PDF file,Printable,Digital,İnstand Dowland",https://i.etsystatic.com/62574134/r/il/7fe27e/7854252680/il_fullxfull.7854252680_6s8t.jpg,https://i.etsystatic.com/62574134/r/il/5cbbca/7902212517/il_fullxfull.7902212517_57k5.jpg,https://i.etsystatic.com/62574134/r/il/44a1cb/7854252686/il_fullxfull.7854252686_nc5e.jpg,https://i.etsystatic.com/62574134/r/il/36b98a/7902212535/il_fullxfull.7902212535_mu2h.jpg,https://i.etsystatic.com/62574134/r/il/3d7f58/7854252670/il_fullxfull.7854252670_fsb8.jpg,https://i.etsystatic.com/62574134/r/il/7ac795/7854252676/il_fullxfull.7854252676_gvjd.jpg,https://i.etsystatic.com/62574134/r/il/dd68e5/7902212533/il_fullxfull.7902212533_46fj.jpg,https://i.etsystatic.com/62574134/r/il/6ae1c6/7902212519/il_fullxfull.7902212519_40ps.jpg,https://i.etsystatic.com/62574134/r/il/5b4f7c/7902212537/il_fullxfull.7902212537_dhip.jpg,,,,,,,,
